DRIVER LICENCE	FIN	INSEE	TelephoneNumber	NRN	BloodType	PASSPORT	Gender	Title	CCExpires
PB8852803706482	W1401	62669687596 92	0368 1597355	75042459101	A+	wA250198	female	Mrs.	7/2024
PB63 58372540917	W1394	94673567840 30	(69) 899-395	74022181625	A-	oWP872870	female	Mr.	4/2023
CT4636211324562	W3121	15759543887 84	077 2133 0413	50042712150	O+	Uu094577	female	Mrs.	11/2021
GJ9078633598453	W2854	2866071608258	25 833488	29072232590	O+	dS221127	female	Mr.	1/2024
MN94 72389648222	W0924	16738899065 63	06-27508482	64052416311	A+	OJu549535	male	Ms.	4/2024
CT1441311208786	G2301	55602540675 42	(17) 6020-7557	4023198555	O+	hVX946981	female	Ms.	1/2021
MZ5354413066449	Q0006	42951705529 69	96 586625	42011214395	O+	bN775198	male	Mrs.	1/2022
JH2267532227669	Z5022	8677987897353	(07) 3202 0937	65032511437	A+	yMM264703	female	Mr.	2/2021
TN78 18831674040	W2637	91434755031 99	22 456311	96120598493	AB+	JTy763564	male	Mrs.	10/2022
KL0813623277245	W4012	26697387463 20	02.74.68.06.67	63042550893	A+	tq761220	male	Mrs.	1/2023
WB27-49845773506	B3366	5477087663214	965 75 772	92121983331	B+	tj207152	male	Ms.	11/2022
TG0715836053885	B3222	4642971985201	033-7627262	93022939028	B-	HrT412994	female	Mr.	5/2020
MN4198969085216	W3129	40401610282 67	867-668-6843	54011205250	B+	ZHX835217	male	Mr.	6/2021
AN41 77759454041	B3471	5565478752172	650 2896	39070855505	AB+	eIt450796	female	Mr.	3/2020
SK19 31735305474	W3002	75019311501 18	0695-9451092	78091602037	A+	XJ243780	female	Ms.	11/2020
KL8625173351868	Z5360	8409310722431	819-570-4173	23123104311	O+	IVu857356	male	Mrs.	1/2023
MZ5873416199375	B3194	42765970968 54	50-92-49-29	76022004295	A+	ir106104	male	Mrs.	9/2024
RJ03 96239321912	K7301	73714034566 65	89 37 13	55081510871	O+	zuz022555	female	Ms.	8/2024
PY7892896087385	W1340	9130548214177	083 654 3882	27052301325	AB+	Cf832805	male	Ms.	6/2020
AS88 70910538079	W1310	6635066616847	967 29 104	4082665691	O-	agk848408	male	Mr.	4/2021
MN4860497943822	W4089	84351655303 80	72 470 15 18	81051985817	A+	SD985350	female	Ms.	12/2024
MP62 36706843588	W3876	3487190809222	050 059 7150	12021283570	B+	XE370276	male	Ms.	8/2024
JH04-05222956509	B3053	2418736520096	441 8868	98012885282	B+	AJ465325	female	Mr.	2/2023
AP9325350913385	B3028	8483983480455	975 97 287	86120433874	B+	rS512536	female	Mr.	11/2022
HR3579612692932	W3001	7479610063484	72 470 15 18	75122322169	B+	URk468427	male	Mr.	2/2022
UP03 36390884540	W2500	63710841492 64	9777 9356	19072592365	B+	ne847573	female	Ms.	1/2020
LD8031253146960	W3527	12033635202 09	051-099-640	55090959562	B+	KjQ991063	female	Mr.	10/2023
MP2857426667623	Z5021	50540337234 35	(51) 8702-9461	69111876527	B+	CA726565	male	Ms.	3/2024
CT92-14941244650	W4386	3031413249375	031-7719595	14031136438	B-	mIc327036	female	Mr.	12/2022
MZ74-85548595295	W2060	1493522213888	077 4390 6394	82010239117	A+	pPa525259	female	Mr.	5/2022
KL33-40837975275	W2321	82813047128 15	21 284 762 9910	97093015377	O+	jK630018	male	Mr.	9/2024
TR6087168054602	W4038	9122878209075	(028) 0168-875	2010799636	O+	Jw673864	female	Mr.	3/2022
RJ37 07789895438	Z5400	3288402023672	606 510 973	57093060348	O+	YH052006	female	Dr.	1/2021
OR82 21976506677	W2968	91527062992 50	0496 78 75 49	86120505041	O+	JO216768	female	Mr.	7/2020
HP52 00463800515	W1001	98420360224 57	05.82.46.63.22	46020748987	O-	Uex815216	female	Mr.	9/2020
JK2528707201083	20203	4727525340527	(12) 6881-4902	62012670122	A+	DDC531926	female	Mrs.	5/2023
NL80 30529096084	N0010	0013692293688	780-999-2181	48111211330	O+	Fq024248	male	Mr.	3/2022
GJ37-10763968537	B3104	8467026811998	(66) 402-246	27050337965	O-	Ta120896	female	Mr.	2/2022
SK55-46928108523	U2425	22983746263 80	078 4828 8379	89071694607	O+	jH266426	female	Mr.	10/2022
TR33-06992037175	W4250	40822812196 68	(026) 5119-726	41030563696	B+	ir106104	female	Mrs.	9/2021
HP74-05003086158	W4193	54239920487 02	031-205-325	97062800075	O+	BmW333575	female	Mr.	12/2020
KA0190786064327	W2294	76339766978 29	96 610912	76031421314	O+	sHl674706	male	Mr.	6/2021
HP07-20771983564	I2311	2661190143107	06-77980310	32052378735	A+	rI091041	female	Mr.	11/2022
RJ82 98879507393	G2206	8411287916684	083 819 0389	65021033268	A+	Tgo158946	female	Mr.	6/2022
NL3198220184729	W3193	88069719962 42	(07) 5317 8843	45072960504	O-	bp097876	female	Mrs.	11/2022
TR4708286449409	W1091	93769895251 66	723 674 681	78030381674	B+	jG845059	male	Mr.	3/2021
GA8038905573712	T0104	3456365987580	06-54088297	62020281157	O+	SX969662	male	Mrs.	3/2020
NL75 27850605226	W0613	6441967465312	031-216-042	70022554790	B+	Zp322059	male	Mrs.	12/2020
JH05-63128408520	A0063	2454171577425	0699 164 08 82	85012207587	A+	Ua856134	male	Mr.	9/2023
HR9947916816780	E0010	1356294946526	73 832 903	18111672258	O+	yET152660	female	Mr.	12/2024
SK35 47078110831	W0392	3201070788830	0421 96 07 27	15091746118	O+	CZ413590	male	Mr.	4/2022
JH0664919895935	B3175	3406155814523	06-36597020	97090717962	A-	Vf011788	male	Mrs.	5/2021
RJ54 38327067854	W3460	1362730793920	21 284 999 5556	18080603356	O+	hTG520731	male	Mrs.	2/2022
DN8324022737691	A5942	88542053558 85	0328 4921229	39090912531	O+	SI207039	male	Mrs.	5/2022
CT4465647476179	W2147	2777781694075	21 229 319 6112	56061088830	O+	ogw325241	female	Mr.	3/2021
DL35-01051755179	W2817	22926888143 01	(62) 592-523	72032327583	AB+	MB502151	male	Mr.	11/2021
LD01-68743387771	W2040	1935687900371	(72) 745-680	45030468861	O+	BCw768220	male	Ms.	9/2024
DN14 18036315341	W4149	7557452743930	770 628 319	6050756792	A+	NaU472480	female	Mr.	7/2022
MP0472085808098	W2852	94964224108 17	(02) 9519 3105	42020493337	O+	XHc505911	female	Mrs.	5/2022
HR14-70977112610	W3292	2646268471305	95 516921	39022300372	B+	cP965552	male	Mr.	1/2024
DN7822433399753	W1302	6057938385553	(07) 5317 8843	20090871641	A+	zpk557502	female	Mrs.	5/2024
GJ0781564116742	W0726	3643553388415	(44) 132-611	48061037980	B+	ch023456	male	Dr.	8/2024
TG3440286292453	W3043	97041480237 18	06-94749986	25032676795	O+	Dl961536	female	Mr.	7/2024
KL6216943799778	B3076	7676993959395	9450 1529	70111241692	A+	jpi661532	female	Mrs.	12/2021
LD8323259957589	H1002	75179616745 69	0380 7558505	83051622605	O+	XB430175	male	Ms.	3/2021
JH3923156478497	W4205	4127629196787	(86) 2515-9269	43042506420	B+	Baa554606	male	Mrs.	12/2020
RJ5435290878730	W3841	2939870793419	95 262470	46091860776	B+	clo401364	female	Ms.	7/2020
ML14 79800378623	W4449	09961668263 66	06-99761269	78070659044	AB+	Qk653529	female	Ms.	9/2024
WB0734534526876	C0668	1341879527093	042 587 3460	41120896630	O+	dLS718942	male	Mr.	12/2021
HP20 37821382505	B3173	16809070063 67	(020) 2457-382	13060592545	O+	wS718349	female	Mrs.	5/2021
PB4274475300356	Z5165	30075516887 46	84 42 54	92071085550	B+	IGQ370729	male	Ms.	3/2020
MZ9212633643365	W0456	64178791628 79	9751 6337	37030259674	O+	CD154525	male	Mr.	1/2021
MN39-97353364229	A9993	2939870793419	083 445 2424	68073090758	O+	tEe206163	female	Mrs.	1/2021
MZ4358473915512	W4520	37489521000 19	03.57.67.20.11	50080782076	O+	FVo659001	female	Ms.	1/2024
AR4711356039527	W3414	0063355445108	21 239 308 9925	97091141101	O+	wx479548	female	Mr.	9/2024
UP1438018241871	B3070	5307985476521	04.47.64.53.88	42092275119	A+	yi961491	female	Dr.	12/2023
KL48 36260080957	W4465	3565169834420	9356 7285	93033108982	B-	ub971056	female	Mr.	7/2023
MN5567219807079	W1587	8286497682825	(36) 108-055	16111216514	O+	iV971483	male	Mrs.	6/2021
MH84 84737568353	W1222	4493713080426	9138 4387	42052557379	A+	ckr334873	male	Mr.	1/2022
AP2071295716668	W3847	29387022321 40	041 052 4919	96050638927	B+	aW572188	male	Mrs.	11/2022
PY3689793826682	J1703	6880474363408	72 240 26 09	13080376387	B+	Bs667911	male	Mr.	1/2021
CT0335915750410	W2020	0743784439903	(021) 4699-779	9093190694	O+	rqn005657	female	Mr.	8/2024
UP78 60471940603	W3168	3650259789132	(82) 589-695	40090445537	O+	eXr927360	female	Mrs.	2/2021
BR23-51053986039	B3366	7534551306658	06-33944648	78021095212	O+	Rd241916	female	Ms.	8/2020
HP6042209356661	W1152	5152025881691	(51) 4162-5158	54061949712	O+	IF041738	male	Ms.	12/2021
DN5386983083417	W0814	37900514042 20	0650 345 99 03	26123135454	A+	ru573868	male	Mr.	3/2023
HR9758786558411	W2563	50465616479 37	452 3872	5050177048	B+	XQ306060	male	Mrs.	2/2022
WB50-65942570359	W0970	92924514331 42	22 713222	44041695797	O+	OoW052872	female	Mr.	6/2022
BR48 36407631145	W4045	0128415250781	21 211 247 4770	94121529354	B+	Un454279	female	Mr.	8/2024
OR8967047706584	W2937	82759778605 98	(41) 5283-2427	69121045797	A+	aII303596	male	Mrs.	9/2024
UP88-68933962321	W1460	27362513068 50	040-779-540	37030259674	O+	LbS956110	female	Mr.	7/2023
UT0521249272872	W2923	74582961886 30	(02) 9371 1112	95031218120	B+	REg415294	female	Mr.	8/2024
HP4525606850521	W2960	9108688352857	24-42-46-23	33011204335	O+	bx931038	female	Mrs.	12/2023
DN73 06419944118	W3512	1824166873687	907-736-9557	38062707581	AB+	gS528012	male	Mr.	11/2023
CH79-83489987864	W4013	74705779141 01	046 290 5730	20010257515	B+	qW390245	male	Ms.	10/2021
BR5269439996116	W3479	1212022728808	(85) 8227-7217	40052142613	O+	bCn092337	male	Mr.	7/2023
JH3200752683887	W0912	8607718769089	66 46 78	34081888553	A+	udI102213	female	Mr.	1/2021
LD9988751088228	W4394	1214648293200	723 813 266	41011518440	O+	Zv990393	male	Mrs.	4/2023
MP74 04697934090	W0730	0132896642041	95 516921	64032188247	O+	LS368499	male	Ms.	7/2021
ML4181043481972	90026	6458804391061	52-40-07-16	74012136680	O+	xY955517	male	Mr.	12/2024
